synthetic,task_id,configuration,total_automatic_cost_yuan,accepted_without_rewrite
true,T001,A,0.18,true
true,T002,A,0.18,true
true,T003,A,0.18,true
true,T004,A,0.18,true
true,T005,A,0.18,true
true,T006,A,0.18,true
true,T007,A,0.18,true
true,T008,A,0.18,true
true,T009,A,0.18,true
true,T010,A,0.18,true
true,T011,A,0.18,true
true,T012,A,0.18,true
true,T013,A,0.18,true
true,T014,A,0.18,true
true,T015,A,0.18,true
true,T016,A,0.18,true
true,T017,A,0.18,true
true,T018,A,0.18,true
true,T019,A,0.18,true
true,T020,A,0.18,true
true,T021,A,0.18,true
true,T022,A,0.18,true
true,T023,A,0.18,true
true,T024,A,0.18,true
true,T025,A,0.18,true
true,T026,A,0.18,true
true,T027,A,0.18,true
true,T028,A,0.18,true
true,T029,A,0.18,true
true,T030,A,0.18,true
true,T031,A,0.18,true
true,T032,A,0.18,true
true,T033,A,0.18,true
true,T034,A,0.18,true
true,T035,A,0.18,true
true,T036,A,0.18,true
true,T037,A,0.18,true
true,T038,A,0.18,true
true,T039,A,0.18,true
true,T040,A,0.18,true
true,T041,A,0.18,true
true,T042,A,0.18,true
true,T043,A,0.18,true
true,T044,A,0.18,true
true,T045,A,0.18,true
true,T046,A,0.18,true
true,T047,A,0.18,true
true,T048,A,0.18,true
true,T049,A,0.18,true
true,T050,A,0.18,true
true,T051,A,0.18,false
true,T052,A,0.18,false
true,T053,A,0.18,false
true,T054,A,0.18,false
true,T055,A,0.18,false
true,T056,A,0.18,false
true,T057,A,0.18,false
true,T058,A,0.18,false
true,T059,A,0.18,false
true,T060,A,0.18,false
true,T061,A,0.18,false
true,T062,A,0.18,false
true,T063,A,0.18,false
true,T064,A,0.18,false
true,T065,A,0.18,false
true,T066,A,0.18,false
true,T067,A,0.18,false
true,T068,A,0.18,false
true,T069,A,0.18,false
true,T070,A,0.18,false
true,T071,A,0.18,false
true,T072,A,0.18,false
true,T073,A,0.18,false
true,T074,A,0.18,false
true,T075,A,0.18,false
true,T076,A,0.18,false
true,T077,A,0.18,false
true,T078,A,0.18,false
true,T079,A,0.18,false
true,T080,A,0.18,false
true,T081,A,0.18,false
true,T082,A,0.18,false
true,T083,A,0.18,false
true,T084,A,0.18,false
true,T085,A,0.18,false
true,T086,A,0.18,false
true,T087,A,0.18,false
true,T088,A,0.18,false
true,T089,A,0.18,false
true,T090,A,0.18,false
true,T091,A,0.18,false
true,T092,A,0.18,false
true,T093,A,0.18,false
true,T094,A,0.18,false
true,T095,A,0.18,false
true,T096,A,0.18,false
true,T097,A,0.18,false
true,T098,A,0.18,false
true,T099,A,0.18,false
true,T100,A,0.18,false
true,T001,B,0.25,true
true,T002,B,0.25,true
true,T003,B,0.25,true
true,T004,B,0.25,true
true,T005,B,0.25,true
true,T006,B,0.25,true
true,T007,B,0.25,true
true,T008,B,0.25,true
true,T009,B,0.25,true
true,T010,B,0.25,true
true,T011,B,0.25,true
true,T012,B,0.25,true
true,T013,B,0.25,true
true,T014,B,0.25,true
true,T015,B,0.25,true
true,T016,B,0.25,true
true,T017,B,0.25,true
true,T018,B,0.25,true
true,T019,B,0.25,true
true,T020,B,0.25,true
true,T021,B,0.25,true
true,T022,B,0.25,true
true,T023,B,0.25,true
true,T024,B,0.25,true
true,T025,B,0.25,true
true,T026,B,0.25,true
true,T027,B,0.25,true
true,T028,B,0.25,true
true,T029,B,0.25,true
true,T030,B,0.25,true
true,T031,B,0.25,true
true,T032,B,0.25,true
true,T033,B,0.25,true
true,T034,B,0.25,true
true,T035,B,0.25,true
true,T036,B,0.25,true
true,T037,B,0.25,true
true,T038,B,0.25,true
true,T039,B,0.25,true
true,T040,B,0.25,true
true,T041,B,0.25,true
true,T042,B,0.25,true
true,T043,B,0.25,true
true,T044,B,0.25,true
true,T045,B,0.25,true
true,T046,B,0.25,true
true,T047,B,0.25,true
true,T048,B,0.25,true
true,T049,B,0.25,true
true,T050,B,0.25,true
true,T051,B,0.25,true
true,T052,B,0.25,true
true,T053,B,0.25,true
true,T054,B,0.25,true
true,T055,B,0.25,true
true,T056,B,0.25,true
true,T057,B,0.25,true
true,T058,B,0.25,true
true,T059,B,0.25,true
true,T060,B,0.25,true
true,T061,B,0.25,true
true,T062,B,0.25,true
true,T063,B,0.25,true
true,T064,B,0.25,true
true,T065,B,0.25,true
true,T066,B,0.25,true
true,T067,B,0.25,true
true,T068,B,0.25,true
true,T069,B,0.25,true
true,T070,B,0.25,true
true,T071,B,0.25,true
true,T072,B,0.25,true
true,T073,B,0.25,true
true,T074,B,0.25,true
true,T075,B,0.25,true
true,T076,B,0.25,true
true,T077,B,0.25,true
true,T078,B,0.25,true
true,T079,B,0.25,true
true,T080,B,0.25,true
true,T081,B,0.25,true
true,T082,B,0.25,true
true,T083,B,0.25,true
true,T084,B,0.25,true
true,T085,B,0.25,true
true,T086,B,0.25,true
true,T087,B,0.25,true
true,T088,B,0.25,true
true,T089,B,0.25,true
true,T090,B,0.25,true
true,T091,B,0.25,true
true,T092,B,0.25,true
true,T093,B,0.25,true
true,T094,B,0.25,true
true,T095,B,0.25,true
true,T096,B,0.25,false
true,T097,B,0.25,false
true,T098,B,0.25,false
true,T099,B,0.25,false
true,T100,B,0.25,false
